{"cameraMode":{"drawMode":0,"name":"Shaded","section":"Shading Mode"},"sceneLighting":false,"audioPlay":false,"sceneViewState":{"showFog":true,"showMaterialUpdate":false,"showSkybox":true,"showFlares":true,"showImageEffects":true,"showParticleSystems":true},"in2DMode":false,"pivot":{"x":2.9527511596679689,"y":3.365999698638916,"z":-5.460371971130371},"rotation":{"x":0.04286263883113861,"y":-0.9563187956809998,"z":0.1832345873117447,"w":0.22370557487010957},"size":1.1879286766052247,"orthographic":false}